model,horizon_day,n,positive_rate,mean_predicted_proba,roc_auc,pr_auc
AdaBoost + Decision Tree,1,32951,0.013383508846469,0.21918942933444133,0.896063586923542,0.16080710663554876
AdaBoost + Decision Tree,2,32951,0.023580467967588236,0.23365902992719143,0.8974099489111611,0.20120040704030664
AdaBoost + Decision Tree,3,32951,0.03222967436496616,0.234299790176511,0.8961508372468318,0.23956324920976946
AdaBoost + Decision Tree,4,32951,0.039786349427938454,0.3082689399062163,0.8875507593531733,0.2310060801082192
AdaBoost + Decision Tree,5,32951,0.04646292980486177,0.30971972876558834,0.8865996646434123,0.24678072878309304
AdaBoost + Decision Tree,6,32951,0.05274498497769415,0.30971972876558834,0.8853626537318459,0.26792017830494047
AdaBoost + Decision Tree,7,32951,0.05875390731692513,0.30971972876558834,0.8844961715405636,0.288150640186505
AdaBoost + Random Forest,1,32951,0.013383508846469,0.2805768996768139,0.9001089146824526,0.09701023986911445
AdaBoost + Random Forest,2,32951,0.023580467967588236,0.28260228154778566,0.8951150552909738,0.15000928976183397
AdaBoost + Random Forest,3,32951,0.03222967436496616,0.30868799630662647,0.8915132670358026,0.17461121283079653
AdaBoost + Random Forest,4,32951,0.039786349427938454,0.334482458003523,0.880432142784819,0.1668098900731175
AdaBoost + Random Forest,5,32951,0.04646292980486177,0.334482458003523,0.8800218360128736,0.19114479116511196
AdaBoost + Random Forest,6,32951,0.05274498497769415,0.334482458003523,0.8803407446153876,0.21414328056618714
AdaBoost + Random Forest,7,32951,0.05875390731692513,0.334482458003523,0.8809203224779265,0.23609923863415253
XGBoost,1,32951,0.013383508846469,0.16064156591892242,0.9154582821542439,0.26369448108302673
XGBoost,2,32951,0.023580467967588236,0.20447103679180145,0.9112468727996794,0.32352826448863936
XGBoost,3,32951,0.03222967436496616,0.23569165170192719,0.9078909044136679,0.35300114269629834
XGBoost,4,32951,0.039786349427938454,0.25852876901626587,0.9071589130579429,0.3766075763500185
XGBoost,5,32951,0.04646292980486177,0.27566760778427124,0.9050136038526511,0.3906095630065002
XGBoost,6,32951,0.05274498497769415,0.28953224420547485,0.9037140296320281,0.40615087649335097
XGBoost,7,32951,0.05875390731692513,0.2943480312824249,0.903007542338218,0.42212771371856306
