cutoff,horizon_day,n_cells,actual_events,actual_rate,mean_predicted,roc_auc,pr_auc,brier,hits_in_top10,precision_at_top10
2025-08-07,1,365,0,0.0,0.12621422111988068,,,,0,0.0
2025-08-07,2,365,1,0.0027397260273972603,0.13041959702968597,0.9931318681318682,0.16666666666666666,0.07626783102750778,1,0.1
2025-08-07,3,365,1,0.0027397260273972603,0.1389295756816864,0.9931318681318682,0.16666666666666666,0.08306492120027542,1,0.1
2025-08-07,4,365,1,0.0027397260273972603,0.1458316296339035,0.9931318681318682,0.16666666666666666,0.0887429416179657,1,0.1
2025-08-07,5,365,2,0.005479452054794521,0.1503247320652008,0.9070247933884298,0.09825870646766169,0.0934709757566452,1,0.1
2025-08-07,6,365,2,0.005479452054794521,0.1503247320652008,0.9070247933884298,0.09825870646766169,0.0934709757566452,1,0.1
2025-08-07,7,365,2,0.005479452054794521,0.150331050157547,0.9070247933884298,0.09825870646766169,0.09347115457057953,1,0.1
2025-08-08,1,365,1,0.0027397260273972603,0.12383872270584106,0.9876373626373627,0.16666666666666666,0.06758830696344376,1,0.1
2025-08-08,2,365,1,0.0027397260273972603,0.12943889200687408,0.9876373626373627,0.16666666666666666,0.0721157044172287,1,0.1
2025-08-08,3,365,1,0.0027397260273972603,0.14006435871124268,0.993131868131868,0.16666666666666666,0.08088784664869308,1,0.1
2025-08-08,4,365,2,0.005479452054794521,0.14776161313056946,0.9028925619834711,0.09761904761904762,0.08865050971508026,1,0.1
2025-08-08,5,365,2,0.005479452054794521,0.1525324434041977,0.9139118457300275,0.09946236559139784,0.09262733161449432,1,0.1
2025-08-08,6,365,2,0.005479452054794521,0.1525324434041977,0.9139118457300275,0.09946236559139784,0.09262733161449432,1,0.1
2025-08-08,7,365,3,0.00821917808219178,0.1525341272354126,0.9360036832412524,0.13835125448028673,0.09029689431190491,2,0.2
2025-08-11,1,366,1,0.00273224043715847,0.10639294981956482,0.8712328767123287,0.020833333333333332,0.05886923521757126,0,0.0
2025-08-11,2,366,1,0.00273224043715847,0.11012664437294006,0.8712328767123287,0.020833333333333332,0.061356320977211,0,0.0
2025-08-11,3,366,1,0.00273224043715847,0.1200312003493309,0.8684931506849315,0.02040816326530612,0.06808114796876907,0,0.0
2025-08-11,4,366,2,0.00546448087431694,0.12760791182518005,0.9203296703296703,0.06207482993197279,0.07143611460924149,0,0.0
2025-08-11,5,366,2,0.00546448087431694,0.13329310715198517,0.9189560439560439,0.05886970172684458,0.07587331533432007,0,0.0
2025-08-11,6,366,2,0.00546448087431694,0.13329310715198517,0.9189560439560439,0.05886970172684458,0.07587331533432007,0,0.0
2025-08-11,7,366,3,0.00819672131147541,0.13329310715198517,0.8181818181818182,0.04628872133902315,0.07845959067344666,0,0.0
2025-09-28,1,366,1,0.00273224043715847,0.09358620643615723,0.9780821917808219,0.1111111111111111,0.03267074376344681,1,0.1
2025-09-28,2,366,1,0.00273224043715847,0.10533823817968369,0.9808219178082191,0.125,0.039432723075151443,1,0.1
2025-09-28,3,366,2,0.00546448087431694,0.1195179671049118,0.9189560439560439,0.07442348008385744,0.049513258039951324,1,0.1
2025-09-28,4,366,2,0.00546448087431694,0.13014116883277893,0.9203296703296703,0.07478632478632478,0.05674337223172188,1,0.1
2025-09-28,5,366,3,0.00819672131147541,0.13939768075942993,0.9426078971533517,0.13351648351648351,0.06230171397328377,2,0.2
2025-09-28,6,366,3,0.00819672131147541,0.14144164323806763,0.9426078971533517,0.13351648351648351,0.06390952318906784,2,0.2
2025-09-28,7,366,3,0.00819672131147541,0.14144164323806763,0.9426078971533517,0.13351648351648351,0.06390952318906784,2,0.2
2026-01-08,1,371,0,0.0,0.10795331001281738,,,,0,0.0
2026-01-08,2,371,1,0.0026954177897574125,0.12642428278923035,0.6351351351351351,0.007352941176470588,0.04679309204220772,0,0.0
2026-01-08,3,371,1,0.0026954177897574125,0.14365679025650024,0.6459459459459459,0.007575757575757576,0.06012095883488655,0,0.0
2026-01-08,4,371,1,0.0026954177897574125,0.15857264399528503,0.6567567567567568,0.0078125,0.07155570387840271,0,0.0
2026-01-08,5,371,1,0.0026954177897574125,0.1714663803577423,0.6675675675675675,0.008064516129032258,0.08140278607606888,0,0.0
2026-01-08,6,371,1,0.0026954177897574125,0.1768808215856552,0.6675675675675675,0.008064516129032258,0.08564998209476471,0,0.0
2026-01-08,7,371,2,0.005390835579514825,0.1768808215856552,0.6707317073170731,0.012162876784769964,0.08749779313802719,0,0.0
2026-01-10,1,371,0,0.0,0.11102987825870514,,,,0,0.0
2026-01-10,2,371,0,0.0,0.12892909348011017,,,,0,0.0
2026-01-10,3,371,0,0.0,0.1474173367023468,,,,0,0.0
2026-01-10,4,371,0,0.0,0.1640232354402542,,,,0,0.0
2026-01-10,5,371,1,0.0026954177897574125,0.1768113225698471,0.7243243243243244,0.009708737864077669,0.0816795751452446,0,0.0
2026-01-10,6,371,1,0.0026954177897574125,0.182156503200531,0.727027027027027,0.00980392156862745,0.08589672297239304,0,0.0
2026-01-10,7,371,1,0.0026954177897574125,0.182156503200531,0.727027027027027,0.00980392156862745,0.08589672297239304,0,0.0
2026-04-15,1,373,1,0.002680965147453083,0.1239876002073288,0.9166666666666666,0.03125,0.043915051966905594,0,0.0
2026-04-15,2,373,1,0.002680965147453083,0.14742271602153778,0.9301075268817204,0.037037037037037035,0.060393888503313065,0,0.0
2026-04-15,3,373,2,0.005361930294906166,0.16852949559688568,0.898921832884097,0.03785714285714285,0.07946181297302246,0,0.0
2026-04-15,4,373,3,0.00804289544235925,0.18378743529319763,0.8765765765765765,0.04034804034804035,0.09443490952253342,0,0.0
2026-04-15,5,373,4,0.010723860589812333,0.19640180468559265,0.9065040650406504,0.10861151427189163,0.10465697944164276,1,0.1
2026-04-15,6,373,4,0.010723860589812333,0.20200955867767334,0.9078590785907859,0.12967236467236465,0.10924778878688812,1,0.1
2026-04-15,7,373,4,0.010723860589812333,0.20200955867767334,0.9078590785907859,0.12967236467236465,0.10924778878688812,1,0.1
2026-05-07,1,373,1,0.002680965147453083,0.1256462037563324,0.782258064516129,0.012195121951219513,0.04779250547289848,0,0.0
2026-05-07,2,373,2,0.005361930294906166,0.14823797345161438,0.7479784366576819,0.015356820234869015,0.06593281030654907,0,0.0
2026-05-07,3,373,2,0.005361930294906166,0.16873936355113983,0.7412398921832885,0.014973262032085561,0.08361037075519562,0,0.0
2026-05-07,4,373,2,0.005361930294906166,0.18303121626377106,0.7439353099730459,0.015126692878986457,0.09775425493717194,0,0.0
2026-05-07,5,373,2,0.005361930294906166,0.19489052891731262,0.7466307277628033,0.015283355644801428,0.10873239487409592,0,0.0
2026-05-07,6,373,2,0.005361930294906166,0.20129136741161346,0.7479784366576818,0.015369890778065533,0.1134488582611084,0,0.0
2026-05-07,7,373,3,0.00804289544235925,0.20129136741161346,0.7639639639639639,0.021651427180083862,0.113858662545681,0,0.0
2026-06-06,1,374,2,0.0053475935828877,0.11410035192966461,0.9059139784946236,0.04483430799220273,0.039483584463596344,0,0.0
2026-06-06,2,374,3,0.008021390374331552,0.1357927769422531,0.8733153638814016,0.04321378340365682,0.05517493560910225,0,0.0
2026-06-06,3,374,3,0.008021390374331552,0.15656441450119019,0.8688230008984726,0.04447654872885206,0.0718725174665451,0,0.0
2026-06-06,4,374,4,0.0106951871657754,0.17273320257663727,0.8459459459459459,0.04457213108528898,0.0865168422460556,0,0.0
2026-06-06,5,374,4,0.0106951871657754,0.18568070232868195,0.8459459459459459,0.04536416690083124,0.09826665371656418,0,0.0
2026-06-06,6,374,4,0.0106951871657754,0.19211331009864807,0.8493243243243244,0.045360520094562644,0.10360120236873627,0,0.0
2026-06-06,7,374,4,0.0106951871657754,0.19211331009864807,0.8493243243243244,0.045360520094562644,0.10360120236873627,0,0.0
2026-07-17,1,374,1,0.00267379679144385,0.13872648775577545,0.9865951742627346,0.16666666666666666,0.05665839836001396,1,0.1
2026-07-17,2,374,1,0.00267379679144385,0.16387811303138733,0.9865951742627346,0.16666666666666666,0.07618480920791626,1,0.1
2026-07-17,3,374,1,0.00267379679144385,0.18619133532047272,0.9865951742627346,0.16666666666666666,0.09682738035917282,1,0.1
2026-07-17,4,374,1,0.00267379679144385,0.20427361130714417,0.9865951742627346,0.16666666666666666,0.11398813128471375,1,0.1
2026-07-17,5,374,1,0.00267379679144385,0.21806351840496063,0.9865951742627346,0.16666666666666666,0.12819020450115204,1,0.1
2026-07-17,6,374,2,0.0053475935828877,0.2246009260416031,0.9623655913978494,0.12333333333333332,0.13306105136871338,1,0.1
2026-07-17,7,374,2,0.0053475935828877,0.2246009260416031,0.9623655913978494,0.12333333333333332,0.13306105136871338,1,0.1
