cutoff,horizon_day,cell_lat,cell_lon,predicted_proba,actually_happened
2025-08-07,1,50.5,157.5,0.9837,0
2025-08-07,1,50.5,158.5,0.9837,0
2025-08-07,1,50.5,159.5,0.9837,0
2025-08-07,1,51.5,158.5,0.9837,0
2025-08-07,1,51.5,159.5,0.9837,0
2025-08-07,1,52.5,161.5,0.9837,0
2025-08-07,1,52.5,159.5,0.9835,0
2025-08-07,1,51.5,160.5,0.9823,0
2025-08-07,1,51.5,161.5,0.9817,0
2025-08-07,1,49.5,157.5,0.9812,0
2025-08-07,2,50.5,157.5,0.9844,0
2025-08-07,2,50.5,158.5,0.9844,0
2025-08-07,2,50.5,159.5,0.9844,1
2025-08-07,2,51.5,158.5,0.9844,0
2025-08-07,2,51.5,159.5,0.9844,0
2025-08-07,2,52.5,161.5,0.9844,0
2025-08-07,2,52.5,159.5,0.9842,0
2025-08-07,2,51.5,160.5,0.9831,0
2025-08-07,2,51.5,161.5,0.9825,0
2025-08-07,2,49.5,157.5,0.982,0
2025-08-07,3,50.5,157.5,0.9846,0
2025-08-07,3,50.5,158.5,0.9846,0
2025-08-07,3,50.5,159.5,0.9846,1
2025-08-07,3,51.5,158.5,0.9846,0
2025-08-07,3,51.5,159.5,0.9846,0
2025-08-07,3,52.5,161.5,0.9846,0
2025-08-07,3,52.5,159.5,0.9844,0
2025-08-07,3,51.5,160.5,0.9833,0
2025-08-07,3,51.5,161.5,0.9828,0
2025-08-07,3,49.5,157.5,0.9823,0
2025-08-07,4,50.5,157.5,0.9849,0
2025-08-07,4,50.5,158.5,0.9849,0
2025-08-07,4,50.5,159.5,0.9849,1
2025-08-07,4,51.5,158.5,0.9849,0
2025-08-07,4,51.5,159.5,0.9849,0
2025-08-07,4,52.5,161.5,0.9849,0
2025-08-07,4,52.5,159.5,0.9847,0
2025-08-07,4,51.5,160.5,0.9836,0
2025-08-07,4,51.5,161.5,0.9829,0
2025-08-07,4,49.5,157.5,0.9826,0
2025-08-07,5,50.5,157.5,0.9852,0
2025-08-07,5,50.5,158.5,0.9852,0
2025-08-07,5,50.5,159.5,0.9852,1
2025-08-07,5,51.5,158.5,0.9852,0
2025-08-07,5,51.5,159.5,0.9852,0
2025-08-07,5,52.5,161.5,0.9852,0
2025-08-07,5,52.5,159.5,0.9849,0
2025-08-07,5,51.5,160.5,0.9839,0
2025-08-07,5,51.5,161.5,0.9832,0
2025-08-07,5,49.5,157.5,0.9829,0
2025-08-07,6,50.5,157.5,0.9852,0
2025-08-07,6,50.5,158.5,0.9852,0
2025-08-07,6,50.5,159.5,0.9852,1
2025-08-07,6,51.5,158.5,0.9852,0
2025-08-07,6,51.5,159.5,0.9852,0
2025-08-07,6,52.5,161.5,0.9852,0
2025-08-07,6,52.5,159.5,0.9849,0
2025-08-07,6,51.5,160.5,0.9839,0
2025-08-07,6,51.5,161.5,0.9832,0
2025-08-07,6,49.5,157.5,0.9829,0
2025-08-07,7,50.5,157.5,0.9852,0
2025-08-07,7,50.5,158.5,0.9852,0
2025-08-07,7,50.5,159.5,0.9852,1
2025-08-07,7,51.5,158.5,0.9852,0
2025-08-07,7,51.5,159.5,0.9852,0
2025-08-07,7,52.5,161.5,0.9852,0
2025-08-07,7,52.5,159.5,0.9849,0
2025-08-07,7,51.5,160.5,0.9839,0
2025-08-07,7,51.5,161.5,0.9832,0
2025-08-07,7,49.5,157.5,0.9829,0
2025-08-08,1,50.5,157.5,0.9508,0
2025-08-08,1,50.5,158.5,0.9508,0
2025-08-08,1,51.5,158.5,0.9508,0
2025-08-08,1,51.5,159.5,0.9508,0
2025-08-08,1,50.5,159.5,0.9498,1
2025-08-08,1,51.5,160.5,0.9498,0
2025-08-08,1,51.5,161.5,0.9462,0
2025-08-08,1,49.5,156.5,0.9345,0
2025-08-08,1,52.5,159.5,0.9112,0
2025-08-08,1,52.5,161.5,0.9042,0
2025-08-08,2,50.5,157.5,0.955,0
2025-08-08,2,50.5,158.5,0.955,0
2025-08-08,2,51.5,158.5,0.955,0
2025-08-08,2,51.5,159.5,0.955,0
2025-08-08,2,50.5,159.5,0.9542,1
2025-08-08,2,51.5,160.5,0.9542,0
2025-08-08,2,51.5,161.5,0.9502,0
2025-08-08,2,49.5,156.5,0.9401,0
2025-08-08,2,52.5,159.5,0.9185,0
2025-08-08,2,52.5,161.5,0.9121,0
2025-08-08,3,50.5,157.5,0.955,0
2025-08-08,3,50.5,158.5,0.955,0
2025-08-08,3,50.5,159.5,0.955,1
2025-08-08,3,51.5,158.5,0.955,0
2025-08-08,3,51.5,159.5,0.955,0
2025-08-08,3,51.5,160.5,0.955,0
2025-08-08,3,51.5,161.5,0.9517,0
2025-08-08,3,49.5,156.5,0.9413,0
2025-08-08,3,52.5,159.5,0.922,0
2025-08-08,3,49.5,155.5,0.9205,0
2025-08-08,4,50.5,157.5,0.955,0
2025-08-08,4,50.5,158.5,0.955,0
2025-08-08,4,50.5,159.5,0.955,1
2025-08-08,4,51.5,158.5,0.955,0
2025-08-08,4,51.5,159.5,0.955,0
2025-08-08,4,51.5,160.5,0.955,0
2025-08-08,4,51.5,161.5,0.9517,0
2025-08-08,4,49.5,156.5,0.9413,0
2025-08-08,4,49.5,155.5,0.9262,0
2025-08-08,4,52.5,159.5,0.9234,0
2025-08-08,5,50.5,157.5,0.9562,0
2025-08-08,5,50.5,158.5,0.9562,0
2025-08-08,5,50.5,159.5,0.9562,1
2025-08-08,5,51.5,158.5,0.9562,0
2025-08-08,5,51.5,159.5,0.9562,0
2025-08-08,5,51.5,160.5,0.9562,0
2025-08-08,5,51.5,161.5,0.953,0
2025-08-08,5,49.5,156.5,0.9455,0
2025-08-08,5,49.5,155.5,0.9327,0
2025-08-08,5,52.5,159.5,0.9253,0
2025-08-08,6,50.5,157.5,0.9562,0
2025-08-08,6,50.5,158.5,0.9562,0
2025-08-08,6,50.5,159.5,0.9562,1
2025-08-08,6,51.5,158.5,0.9562,0
2025-08-08,6,51.5,159.5,0.9562,0
2025-08-08,6,51.5,160.5,0.9562,0
2025-08-08,6,51.5,161.5,0.953,0
2025-08-08,6,49.5,156.5,0.9455,0
2025-08-08,6,49.5,155.5,0.9327,0
2025-08-08,6,52.5,159.5,0.9253,0
2025-08-08,7,50.5,157.5,0.9562,0
2025-08-08,7,50.5,158.5,0.9562,0
2025-08-08,7,50.5,159.5,0.9562,1
2025-08-08,7,51.5,158.5,0.9562,0
2025-08-08,7,51.5,159.5,0.9562,0
2025-08-08,7,51.5,160.5,0.9562,0
2025-08-08,7,51.5,161.5,0.953,0
2025-08-08,7,49.5,156.5,0.9455,0
2025-08-08,7,49.5,155.5,0.9327,0
2025-08-08,7,52.5,159.5,0.9253,1
2025-08-11,1,51.5,159.5,0.9793,0
2025-08-11,1,50.5,157.5,0.9786,0
2025-08-11,1,50.5,159.5,0.9777,0
2025-08-11,1,50.5,158.5,0.9704,0
2025-08-11,1,51.5,160.5,0.9689,0
2025-08-11,1,51.5,158.5,0.9672,0
2025-08-11,1,53.5,161.5,0.94,0
2025-08-11,1,50.5,156.5,0.9357,0
2025-08-11,1,49.5,155.5,0.9177,0
2025-08-11,1,51.5,161.5,0.9158,0
2025-08-11,2,51.5,159.5,0.9807,0
2025-08-11,2,50.5,157.5,0.9802,0
2025-08-11,2,50.5,159.5,0.9793,0
2025-08-11,2,50.5,158.5,0.9725,0
2025-08-11,2,51.5,160.5,0.9711,0
2025-08-11,2,51.5,158.5,0.9695,0
2025-08-11,2,53.5,161.5,0.9428,0
2025-08-11,2,50.5,156.5,0.9387,0
2025-08-11,2,49.5,155.5,0.9232,0
2025-08-11,2,51.5,161.5,0.9197,0
2025-08-11,3,50.5,157.5,0.981,0
2025-08-11,3,51.5,159.5,0.981,0
2025-08-11,3,50.5,159.5,0.9799,0
2025-08-11,3,50.5,158.5,0.974,0
2025-08-11,3,51.5,160.5,0.9727,0
2025-08-11,3,51.5,158.5,0.9708,0
2025-08-11,3,53.5,161.5,0.947,0
2025-08-11,3,50.5,156.5,0.9433,0
2025-08-11,3,49.5,155.5,0.9325,0
2025-08-11,3,51.5,161.5,0.924,0
2025-08-11,4,50.5,157.5,0.9813,0
2025-08-11,4,51.5,159.5,0.9813,0
2025-08-11,4,50.5,159.5,0.9803,0
2025-08-11,4,50.5,158.5,0.9745,0
2025-08-11,4,51.5,160.5,0.9732,0
2025-08-11,4,51.5,158.5,0.9713,0
2025-08-11,4,53.5,161.5,0.9474,0
2025-08-11,4,50.5,156.5,0.9442,0
2025-08-11,4,49.5,155.5,0.9361,0
2025-08-11,4,51.5,161.5,0.9245,0
2025-08-11,5,50.5,157.5,0.9817,0
2025-08-11,5,51.5,159.5,0.9817,0
2025-08-11,5,50.5,159.5,0.981,0
2025-08-11,5,50.5,158.5,0.9754,0
2025-08-11,5,51.5,160.5,0.9742,0
2025-08-11,5,51.5,158.5,0.9719,0
2025-08-11,5,53.5,161.5,0.9499,0
2025-08-11,5,50.5,156.5,0.9469,0
2025-08-11,5,49.5,155.5,0.9411,0
2025-08-11,5,51.5,161.5,0.9271,0
2025-08-11,6,50.5,157.5,0.9817,0
2025-08-11,6,51.5,159.5,0.9817,0
2025-08-11,6,50.5,159.5,0.981,0
2025-08-11,6,50.5,158.5,0.9754,0
2025-08-11,6,51.5,160.5,0.9742,0
2025-08-11,6,51.5,158.5,0.9719,0
2025-08-11,6,53.5,161.5,0.9499,0
2025-08-11,6,50.5,156.5,0.9469,0
2025-08-11,6,49.5,155.5,0.9411,0
2025-08-11,6,51.5,161.5,0.9271,0
2025-08-11,7,50.5,157.5,0.9817,0
2025-08-11,7,51.5,159.5,0.9817,0
2025-08-11,7,50.5,159.5,0.981,0
2025-08-11,7,50.5,158.5,0.9754,0
2025-08-11,7,51.5,160.5,0.9742,0
2025-08-11,7,51.5,158.5,0.9719,0
2025-08-11,7,53.5,161.5,0.9499,0
2025-08-11,7,50.5,156.5,0.9469,0
2025-08-11,7,49.5,155.5,0.9411,0
2025-08-11,7,51.5,161.5,0.9271,0
2025-09-28,1,53.5,160.5,0.8556,0
2025-09-28,1,52.5,161.5,0.8113,0
2025-09-28,1,50.5,156.5,0.7631,0
2025-09-28,1,49.5,155.5,0.7555,0
2025-09-28,1,50.5,159.5,0.7458,0
2025-09-28,1,52.5,160.5,0.7056,0
2025-09-28,1,51.5,159.5,0.6562,0
2025-09-28,1,49.5,158.5,0.6423,0
2025-09-28,1,52.5,159.5,0.6369,1
2025-09-28,1,50.5,158.5,0.6194,0
2025-09-28,2,53.5,160.5,0.8785,0
2025-09-28,2,52.5,161.5,0.84,0
2025-09-28,2,50.5,156.5,0.8023,0
2025-09-28,2,49.5,155.5,0.7956,0
2025-09-28,2,50.5,159.5,0.787,0
2025-09-28,2,52.5,160.5,0.7453,0
2025-09-28,2,51.5,159.5,0.7172,0
2025-09-28,2,52.5,159.5,0.69,1
2025-09-28,2,50.5,158.5,0.6721,0
2025-09-28,2,49.5,158.5,0.6719,0
2025-09-28,3,53.5,160.5,0.8809,0
2025-09-28,3,52.5,161.5,0.8452,0
2025-09-28,3,50.5,156.5,0.8406,0
2025-09-28,3,50.5,159.5,0.8277,0
2025-09-28,3,49.5,155.5,0.8247,0
2025-09-28,3,52.5,160.5,0.7495,0
2025-09-28,3,51.5,159.5,0.7479,0
2025-09-28,3,49.5,158.5,0.7231,0
2025-09-28,3,52.5,159.5,0.719,1
2025-09-28,3,50.5,158.5,0.6918,0
2025-09-28,4,53.5,160.5,0.8874,0
2025-09-28,4,50.5,156.5,0.8596,0
2025-09-28,4,52.5,161.5,0.8551,0
2025-09-28,4,50.5,159.5,0.8479,0
2025-09-28,4,49.5,155.5,0.8413,0
2025-09-28,4,52.5,160.5,0.7612,0
2025-09-28,4,49.5,158.5,0.7519,0
2025-09-28,4,51.5,159.5,0.7465,0
2025-09-28,4,52.5,159.5,0.7425,1
2025-09-28,4,49.5,157.5,0.7413,0
2025-09-28,5,53.5,160.5,0.8994,0
2025-09-28,5,50.5,156.5,0.8818,0
2025-09-28,5,52.5,161.5,0.8717,0
2025-09-28,5,50.5,159.5,0.8701,0
2025-09-28,5,49.5,155.5,0.8656,0
2025-09-28,5,51.5,159.5,0.7834,1
2025-09-28,5,52.5,160.5,0.7834,0
2025-09-28,5,49.5,158.5,0.7822,0
2025-09-28,5,49.5,157.5,0.7789,0
2025-09-28,5,52.5,159.5,0.7757,1
2025-09-28,6,53.5,160.5,0.9044,0
2025-09-28,6,50.5,156.5,0.8876,0
2025-09-28,6,52.5,161.5,0.8779,0
2025-09-28,6,50.5,159.5,0.8764,0
2025-09-28,6,49.5,155.5,0.8721,0
2025-09-28,6,51.5,159.5,0.7928,1
2025-09-28,6,52.5,160.5,0.7928,0
2025-09-28,6,49.5,158.5,0.7917,0
2025-09-28,6,49.5,157.5,0.7885,0
2025-09-28,6,52.5,159.5,0.7854,1
2025-09-28,7,53.5,160.5,0.9044,0
2025-09-28,7,50.5,156.5,0.8876,0
2025-09-28,7,52.5,161.5,0.8779,0
2025-09-28,7,50.5,159.5,0.8764,0
2025-09-28,7,49.5,155.5,0.8721,0
2025-09-28,7,51.5,159.5,0.7928,1
2025-09-28,7,52.5,160.5,0.7928,0
2025-09-28,7,49.5,158.5,0.7917,0
2025-09-28,7,49.5,157.5,0.7885,0
2025-09-28,7,52.5,159.5,0.7854,1
2026-01-08,1,7.5,126.5,0.7616,0
2026-01-08,1,7.5,127.5,0.689,0
2026-01-08,1,-7.5,128.5,0.6687,0
2026-01-08,1,-7.5,129.5,0.6409,0
2026-01-08,1,6.5,126.5,0.6077,0
2026-01-08,1,5.5,126.5,0.5885,0
2026-01-08,1,2.5,128.5,0.5813,0
2026-01-08,1,-23.5,179.5,0.5805,0
2026-01-08,1,51.5,159.5,0.5752,0
2026-01-08,1,-24.5,179.5,0.575,0
2026-01-08,2,7.5,126.5,0.7789,0
2026-01-08,2,-7.5,128.5,0.7249,0
2026-01-08,2,7.5,127.5,0.7183,0
2026-01-08,2,-7.5,129.5,0.7034,0
2026-01-08,2,6.5,126.5,0.6734,0
2026-01-08,2,2.5,128.5,0.664,0
2026-01-08,2,-23.5,179.5,0.6633,0
2026-01-08,2,-24.5,179.5,0.6578,0
2026-01-08,2,5.5,126.5,0.6556,0
2026-01-08,2,1.5,127.5,0.6423,0
2026-01-08,3,-7.5,128.5,0.7885,0
2026-01-08,3,-7.5,129.5,0.7768,0
2026-01-08,3,7.5,126.5,0.7765,0
2026-01-08,3,6.5,126.5,0.7516,0
2026-01-08,3,2.5,128.5,0.7436,0
2026-01-08,3,-23.5,179.5,0.7417,0
2026-01-08,3,-24.5,179.5,0.7369,0
2026-01-08,3,5.5,126.5,0.7364,0
2026-01-08,3,7.5,127.5,0.7249,0
2026-01-08,3,-18.5,-177.5,0.7201,0
2026-01-08,4,-7.5,128.5,0.8246,0
2026-01-08,4,-7.5,129.5,0.8139,0
2026-01-08,4,6.5,126.5,0.7934,0
2026-01-08,4,2.5,128.5,0.7874,0
2026-01-08,4,5.5,126.5,0.7834,0
2026-01-08,4,-23.5,179.5,0.7828,0
2026-01-08,4,-24.5,179.5,0.775,0
2026-01-08,4,-18.5,-177.5,0.7691,0
2026-01-08,4,7.5,126.5,0.7658,0
2026-01-08,4,1.5,127.5,0.7599,0
2026-01-08,5,-7.5,128.5,0.8516,0
2026-01-08,5,-7.5,129.5,0.8396,0
2026-01-08,5,6.5,126.5,0.8212,0
2026-01-08,5,2.5,128.5,0.8165,0
2026-01-08,5,5.5,126.5,0.8153,0
2026-01-08,5,-23.5,179.5,0.8067,0
2026-01-08,5,-24.5,179.5,0.7996,0
2026-01-08,5,-18.5,-177.5,0.7994,0
2026-01-08,5,-6.5,147.5,0.7907,0
2026-01-08,5,1.5,127.5,0.789,0
2026-01-08,6,-7.5,128.5,0.8585,0
2026-01-08,6,-7.5,129.5,0.847,0
2026-01-08,6,6.5,126.5,0.8299,0
2026-01-08,6,5.5,126.5,0.8242,0
2026-01-08,6,2.5,128.5,0.8237,0
2026-01-08,6,-23.5,179.5,0.8142,0
2026-01-08,6,-18.5,-177.5,0.8082,0
2026-01-08,6,-24.5,179.5,0.8066,0
2026-01-08,6,-6.5,147.5,0.7987,0
2026-01-08,6,1.5,127.5,0.7964,0
2026-01-08,7,-7.5,128.5,0.8585,0
2026-01-08,7,-7.5,129.5,0.847,0
2026-01-08,7,6.5,126.5,0.8299,0
2026-01-08,7,5.5,126.5,0.8242,0
2026-01-08,7,2.5,128.5,0.8237,0
2026-01-08,7,-23.5,179.5,0.8142,0
2026-01-08,7,-18.5,-177.5,0.8082,0
2026-01-08,7,-24.5,179.5,0.8066,0
2026-01-08,7,-6.5,147.5,0.7987,0
2026-01-08,7,1.5,127.5,0.7964,0
2026-01-10,1,7.5,126.5,0.7473,0
2026-01-10,1,-7.5,128.5,0.6142,0
2026-01-10,1,-7.5,129.5,0.604,0
2026-01-10,1,7.5,127.5,0.6,0
2026-01-10,1,2.5,128.5,0.5771,0
2026-01-10,1,6.5,126.5,0.5488,0
2026-01-10,1,5.5,126.5,0.5433,0
2026-01-10,1,51.5,159.5,0.5381,0
2026-01-10,1,-15.5,167.5,0.5238,0
2026-01-10,1,1.5,127.5,0.5214,0
2026-01-10,2,7.5,126.5,0.7628,0
2026-01-10,2,-7.5,129.5,0.6661,0
2026-01-10,2,-7.5,128.5,0.6578,0
2026-01-10,2,7.5,127.5,0.6431,0
2026-01-10,2,2.5,128.5,0.641,0
2026-01-10,2,5.5,126.5,0.6244,0
2026-01-10,2,6.5,126.5,0.6141,0
2026-01-10,2,1.5,127.5,0.6035,0
2026-01-10,2,-18.5,-177.5,0.5837,0
2026-01-10,2,51.5,159.5,0.5832,0
2026-01-10,3,7.5,126.5,0.7626,0
2026-01-10,3,-7.5,129.5,0.7431,0
2026-01-10,3,-7.5,128.5,0.7298,0
2026-01-10,3,2.5,128.5,0.7214,0
2026-01-10,3,5.5,126.5,0.7097,0
2026-01-10,3,6.5,126.5,0.6977,0
2026-01-10,3,1.5,127.5,0.6882,0
2026-01-10,3,-18.5,-177.5,0.6704,0
2026-01-10,3,-23.5,179.5,0.6643,0
2026-01-10,3,7.5,127.5,0.6615,0
2026-01-10,4,-7.5,129.5,0.7813,0
2026-01-10,4,-7.5,128.5,0.7693,0
2026-01-10,4,7.5,126.5,0.7622,0
2026-01-10,4,2.5,128.5,0.7617,0
2026-01-10,4,5.5,126.5,0.7516,0
2026-01-10,4,6.5,126.5,0.7402,0
2026-01-10,4,1.5,127.5,0.7293,0
2026-01-10,4,-18.5,-177.5,0.7152,0
2026-01-10,4,-23.5,179.5,0.7086,0
2026-01-10,4,-18.5,-178.5,0.7023,0
2026-01-10,5,-7.5,129.5,0.8087,0
2026-01-10,5,-7.5,128.5,0.7957,0
2026-01-10,5,2.5,128.5,0.7909,0
2026-01-10,5,5.5,126.5,0.7795,0
2026-01-10,5,6.5,126.5,0.7764,0
2026-01-10,5,1.5,127.5,0.7642,0
2026-01-10,5,7.5,126.5,0.7635,0
2026-01-10,5,-18.5,-177.5,0.7536,0
2026-01-10,5,-18.5,-178.5,0.7444,0
2026-01-10,5,-23.5,179.5,0.7419,0
2026-01-10,6,-7.5,129.5,0.8176,0
2026-01-10,6,-7.5,128.5,0.8046,0
2026-01-10,6,2.5,128.5,0.8013,0
2026-01-10,6,5.5,126.5,0.7949,0
2026-01-10,6,6.5,126.5,0.7873,0
2026-01-10,6,1.5,127.5,0.7745,0
2026-01-10,6,7.5,126.5,0.7707,0
2026-01-10,6,-18.5,-177.5,0.7643,0
2026-01-10,6,-23.5,179.5,0.7554,0
2026-01-10,6,-18.5,-178.5,0.7554,0
2026-01-10,7,-7.5,129.5,0.8176,0
2026-01-10,7,-7.5,128.5,0.8046,0
2026-01-10,7,2.5,128.5,0.8013,0
2026-01-10,7,5.5,126.5,0.7949,0
2026-01-10,7,6.5,126.5,0.7873,0
2026-01-10,7,1.5,127.5,0.7745,0
2026-01-10,7,7.5,126.5,0.7707,0
2026-01-10,7,-18.5,-177.5,0.7643,0
2026-01-10,7,-23.5,179.5,0.7554,0
2026-01-10,7,-18.5,-178.5,0.7554,0
2026-04-15,1,1.5,126.5,0.9304,0
2026-04-15,1,51.5,159.5,0.7022,0
2026-04-15,1,41.5,142.5,0.6623,0
2026-04-15,1,40.5,142.5,0.6527,0
2026-04-15,1,39.5,143.5,0.6443,0
2026-04-15,1,49.5,155.5,0.6212,0
2026-04-15,1,49.5,156.5,0.6041,0
2026-04-15,1,0.5,126.5,0.5664,0
2026-04-15,1,2.5,128.5,0.5611,0
2026-04-15,1,-14.5,167.5,0.5357,0
2026-04-15,2,1.5,126.5,0.9403,0
2026-04-15,2,51.5,159.5,0.7737,0
2026-04-15,2,40.5,142.5,0.7314,0
2026-04-15,2,41.5,142.5,0.7289,0
2026-04-15,2,39.5,143.5,0.7262,0
2026-04-15,2,49.5,155.5,0.6906,0
2026-04-15,2,49.5,156.5,0.6658,0
2026-04-15,2,2.5,128.5,0.6536,0
2026-04-15,2,-14.5,167.5,0.6381,0
2026-04-15,2,-5.5,147.5,0.6197,0
2026-04-15,3,1.5,126.5,0.9405,0
2026-04-15,3,51.5,159.5,0.8157,0
2026-04-15,3,40.5,142.5,0.797,0
2026-04-15,3,41.5,142.5,0.795,0
2026-04-15,3,39.5,143.5,0.7927,0
2026-04-15,3,49.5,156.5,0.737,0
2026-04-15,3,2.5,128.5,0.7313,0
2026-04-15,3,-14.5,167.5,0.7127,0
2026-04-15,3,49.5,155.5,0.7107,0
2026-04-15,3,-5.5,147.5,0.7015,0
2026-04-15,4,1.5,126.5,0.9403,0
2026-04-15,4,51.5,159.5,0.8302,0
2026-04-15,4,40.5,142.5,0.8296,0
2026-04-15,4,41.5,142.5,0.8279,0
2026-04-15,4,39.5,143.5,0.8259,0
2026-04-15,4,49.5,156.5,0.7792,0
2026-04-15,4,2.5,128.5,0.7741,0
2026-04-15,4,-14.5,167.5,0.7575,0
2026-04-15,4,-5.5,147.5,0.7474,0
2026-04-15,4,49.5,158.5,0.7462,0
2026-04-15,5,1.5,126.5,0.9407,0
2026-04-15,5,40.5,142.5,0.8543,0
2026-04-15,5,51.5,159.5,0.8536,0
2026-04-15,5,39.5,143.5,0.8521,1
2026-04-15,5,41.5,142.5,0.8516,0
2026-04-15,5,2.5,128.5,0.8082,0
2026-04-15,5,49.5,156.5,0.7967,0
2026-04-15,5,-14.5,167.5,0.79,0
2026-04-15,5,-5.5,147.5,0.7792,0
2026-04-15,5,49.5,158.5,0.7791,0
2026-04-15,6,1.5,126.5,0.9433,0
2026-04-15,6,51.5,159.5,0.8653,0
2026-04-15,6,39.5,143.5,0.8629,1
2026-04-15,6,40.5,142.5,0.8618,0
2026-04-15,6,41.5,142.5,0.8602,0
2026-04-15,6,2.5,128.5,0.8207,0
2026-04-15,6,49.5,156.5,0.8065,0
2026-04-15,6,-14.5,167.5,0.8034,0
2026-04-15,6,49.5,158.5,0.793,0
2026-04-15,6,-5.5,147.5,0.7845,0
2026-04-15,7,1.5,126.5,0.9433,0
2026-04-15,7,51.5,159.5,0.8653,0
2026-04-15,7,39.5,143.5,0.8629,1
2026-04-15,7,40.5,142.5,0.8618,0
2026-04-15,7,41.5,142.5,0.8602,0
2026-04-15,7,2.5,128.5,0.8207,0
2026-04-15,7,49.5,156.5,0.8065,0
2026-04-15,7,-14.5,167.5,0.8034,0
2026-04-15,7,49.5,158.5,0.793,0
2026-04-15,7,-5.5,147.5,0.7845,0
2026-05-07,1,39.5,143.5,0.9299,0
2026-05-07,1,52.5,176.5,0.8581,0
2026-05-07,1,7.5,126.5,0.78,0
2026-05-07,1,51.5,159.5,0.7749,0
2026-05-07,1,1.5,126.5,0.7577,0
2026-05-07,1,40.5,142.5,0.6114,0
2026-05-07,1,-32.5,-178.5,0.6092,0
2026-05-07,1,-15.5,167.5,0.6064,0
2026-05-07,1,49.5,157.5,0.5903,0
2026-05-07,1,-15.5,-173.5,0.5865,0
2026-05-07,2,39.5,143.5,0.9379,0
2026-05-07,2,52.5,176.5,0.8759,0
2026-05-07,2,51.5,159.5,0.8258,0
2026-05-07,2,7.5,126.5,0.8035,0
2026-05-07,2,1.5,126.5,0.8014,0
2026-05-07,2,49.5,157.5,0.6947,0
2026-05-07,2,-15.5,167.5,0.689,0
2026-05-07,2,40.5,142.5,0.6818,0
2026-05-07,2,-32.5,-178.5,0.6798,0
2026-05-07,2,-15.5,-173.5,0.671,0
2026-05-07,3,39.5,143.5,0.9408,0
2026-05-07,3,52.5,176.5,0.8833,0
2026-05-07,3,51.5,159.5,0.8677,0
2026-05-07,3,1.5,126.5,0.8139,0
2026-05-07,3,7.5,126.5,0.8112,0
2026-05-07,3,49.5,157.5,0.7556,0
2026-05-07,3,40.5,142.5,0.7442,0
2026-05-07,3,-32.5,-178.5,0.7425,0
2026-05-07,3,-15.5,167.5,0.7418,0
2026-05-07,3,-15.5,-173.5,0.7347,0
2026-05-07,4,39.5,143.5,0.942,0
2026-05-07,4,52.5,176.5,0.8866,0
2026-05-07,4,51.5,159.5,0.8691,0
2026-05-07,4,1.5,126.5,0.8266,0
2026-05-07,4,7.5,126.5,0.8173,0
2026-05-07,4,49.5,157.5,0.7958,0
2026-05-07,4,-28.5,-176.5,0.7786,0
2026-05-07,4,-15.5,167.5,0.7738,0
2026-05-07,4,-32.5,-178.5,0.7718,0
2026-05-07,4,-5.5,152.5,0.7703,0
2026-05-07,5,39.5,143.5,0.9441,0
2026-05-07,5,52.5,176.5,0.8949,0
2026-05-07,5,51.5,159.5,0.8855,0
2026-05-07,5,1.5,126.5,0.84,0
2026-05-07,5,7.5,126.5,0.8237,0
2026-05-07,5,49.5,157.5,0.8205,0
2026-05-07,5,-28.5,-176.5,0.8051,0
2026-05-07,5,-5.5,152.5,0.8019,0
2026-05-07,5,-32.5,-178.5,0.7991,0
2026-05-07,5,-15.5,167.5,0.7983,0
2026-05-07,6,39.5,143.5,0.9439,0
2026-05-07,6,52.5,176.5,0.8991,0
2026-05-07,6,51.5,159.5,0.8965,0
2026-05-07,6,1.5,126.5,0.8503,0
2026-05-07,6,49.5,157.5,0.8351,0
2026-05-07,6,7.5,126.5,0.8194,0
2026-05-07,6,-15.5,167.5,0.8152,0
2026-05-07,6,-15.5,-173.5,0.8141,0
2026-05-07,6,-5.5,152.5,0.813,0
2026-05-07,6,-28.5,-176.5,0.805,0
2026-05-07,7,39.5,143.5,0.9439,0
2026-05-07,7,52.5,176.5,0.8991,0
2026-05-07,7,51.5,159.5,0.8965,0
2026-05-07,7,1.5,126.5,0.8503,0
2026-05-07,7,49.5,157.5,0.8351,0
2026-05-07,7,7.5,126.5,0.8194,0
2026-05-07,7,-15.5,167.5,0.8152,0
2026-05-07,7,-15.5,-173.5,0.8141,0
2026-05-07,7,-5.5,152.5,0.813,0
2026-05-07,7,-28.5,-176.5,0.805,0
2026-06-06,1,51.5,159.5,0.8791,0
2026-06-06,1,39.5,143.5,0.78,0
2026-06-06,1,1.5,126.5,0.6823,0
2026-06-06,1,40.5,142.5,0.6372,0
2026-06-06,1,-22.5,-68.5,0.61,0
2026-06-06,1,6.5,126.5,0.5482,0
2026-06-06,1,16.5,119.5,0.5404,0
2026-06-06,1,5.5,126.5,0.526,0
2026-06-06,1,0.5,126.5,0.524,0
2026-06-06,1,40.5,-125.5,0.5115,0
2026-06-06,2,51.5,159.5,0.9037,0
2026-06-06,2,39.5,143.5,0.8281,0
2026-06-06,2,1.5,126.5,0.7508,0
2026-06-06,2,40.5,142.5,0.714,0
2026-06-06,2,-22.5,-68.5,0.6869,0
2026-06-06,2,6.5,126.5,0.63,0
2026-06-06,2,5.5,126.5,0.6142,0
2026-06-06,2,0.5,126.5,0.6123,0
2026-06-06,2,-5.5,152.5,0.5933,0
2026-06-06,2,-18.5,-175.5,0.5904,0
2026-06-06,3,51.5,159.5,0.9124,0
2026-06-06,3,39.5,143.5,0.8594,0
2026-06-06,3,1.5,126.5,0.8003,0
2026-06-06,3,40.5,142.5,0.7689,0
2026-06-06,3,-22.5,-68.5,0.7448,0
2026-06-06,3,0.5,126.5,0.6992,0
2026-06-06,3,5.5,126.5,0.6972,0
2026-06-06,3,6.5,126.5,0.6942,0
2026-06-06,3,-18.5,-175.5,0.6796,0
2026-06-06,3,-5.5,152.5,0.6785,0
2026-06-06,4,51.5,159.5,0.9154,0
2026-06-06,4,39.5,143.5,0.8762,0
2026-06-06,4,1.5,126.5,0.8271,0
2026-06-06,4,40.5,142.5,0.7989,0
2026-06-06,4,-22.5,-68.5,0.777,0
2026-06-06,4,0.5,126.5,0.7498,0
2026-06-06,4,5.5,126.5,0.7481,0
2026-06-06,4,-18.5,-175.5,0.7323,0
2026-06-06,4,-5.5,152.5,0.7313,0
2026-06-06,4,6.5,126.5,0.7305,0
2026-06-06,5,51.5,159.5,0.9175,0
2026-06-06,5,39.5,143.5,0.8901,0
2026-06-06,5,1.5,126.5,0.8412,0
2026-06-06,5,40.5,142.5,0.8237,0
2026-06-06,5,-22.5,-68.5,0.7941,0
2026-06-06,5,0.5,126.5,0.7808,0
2026-06-06,5,5.5,126.5,0.7792,0
2026-06-06,5,-18.5,-175.5,0.7648,0
2026-06-06,5,-5.5,152.5,0.7638,0
2026-06-06,5,-4.5,153.5,0.7614,0
2026-06-06,6,51.5,159.5,0.9325,0
2026-06-06,6,39.5,143.5,0.8892,0
2026-06-06,6,1.5,126.5,0.8466,0
2026-06-06,6,40.5,142.5,0.8435,0
2026-06-06,6,-22.5,-68.5,0.8007,0
2026-06-06,6,0.5,126.5,0.7987,0
2026-06-06,6,5.5,126.5,0.7937,0
2026-06-06,6,-18.5,-175.5,0.7888,0
2026-06-06,6,-5.5,152.5,0.7875,0
2026-06-06,6,-4.5,153.5,0.7868,0
2026-06-06,7,51.5,159.5,0.9325,0
2026-06-06,7,39.5,143.5,0.8892,0
2026-06-06,7,1.5,126.5,0.8466,0
2026-06-06,7,40.5,142.5,0.8435,0
2026-06-06,7,-22.5,-68.5,0.8007,0
2026-06-06,7,0.5,126.5,0.7987,0
2026-06-06,7,5.5,126.5,0.7937,0
2026-06-06,7,-18.5,-175.5,0.7888,0
2026-06-06,7,-5.5,152.5,0.7875,0
2026-06-06,7,-4.5,153.5,0.7868,0
2026-07-17,1,14.5,-93.5,0.938,0
2026-07-17,1,5.5,125.5,0.9301,0
2026-07-17,1,40.5,142.5,0.9074,0
2026-07-17,1,4.5,125.5,0.8982,0
2026-07-17,1,51.5,159.5,0.8852,0
2026-07-17,1,14.5,-92.5,0.8663,1
2026-07-17,1,54.5,-162.5,0.7625,0
2026-07-17,1,-20.5,-178.5,0.6695,0
2026-07-17,1,52.5,160.5,0.6478,0
2026-07-17,1,52.5,161.5,0.6471,0
2026-07-17,2,14.5,-93.5,0.9403,0
2026-07-17,2,5.5,125.5,0.9356,0
2026-07-17,2,40.5,142.5,0.929,0
2026-07-17,2,4.5,125.5,0.916,0
2026-07-17,2,51.5,159.5,0.9014,0
2026-07-17,2,14.5,-92.5,0.8707,1
2026-07-17,2,54.5,-162.5,0.8001,0
2026-07-17,2,-20.5,-178.5,0.7272,0
2026-07-17,2,52.5,161.5,0.7264,0
2026-07-17,2,52.5,160.5,0.7245,0
2026-07-17,3,14.5,-93.5,0.9452,0
2026-07-17,3,5.5,125.5,0.9409,0
2026-07-17,3,40.5,142.5,0.9374,0
2026-07-17,3,4.5,125.5,0.9249,0
2026-07-17,3,51.5,159.5,0.9096,0
2026-07-17,3,14.5,-92.5,0.8792,1
2026-07-17,3,54.5,-162.5,0.8146,0
2026-07-17,3,52.5,161.5,0.7991,0
2026-07-17,3,52.5,160.5,0.7909,0
2026-07-17,3,16.5,119.5,0.7674,0
2026-07-17,4,14.5,-93.5,0.9488,0
2026-07-17,4,5.5,125.5,0.944,0
2026-07-17,4,40.5,142.5,0.9436,0
2026-07-17,4,4.5,125.5,0.9288,0
2026-07-17,4,51.5,159.5,0.9152,0
2026-07-17,4,14.5,-92.5,0.8867,1
2026-07-17,4,52.5,161.5,0.8319,0
2026-07-17,4,54.5,-162.5,0.8259,0
2026-07-17,4,52.5,160.5,0.8099,0
2026-07-17,4,16.5,119.5,0.8053,0
2026-07-17,5,14.5,-93.5,0.9483,0
2026-07-17,5,40.5,142.5,0.9465,0
2026-07-17,5,5.5,125.5,0.9435,0
2026-07-17,5,4.5,125.5,0.9317,0
2026-07-17,5,51.5,159.5,0.916,0
2026-07-17,5,14.5,-92.5,0.8858,1
2026-07-17,5,52.5,161.5,0.8492,0
2026-07-17,5,54.5,-162.5,0.8349,0
2026-07-17,5,52.5,160.5,0.829,0
2026-07-17,5,5.5,126.5,0.8228,0
2026-07-17,6,40.5,142.5,0.9518,0
2026-07-17,6,14.5,-93.5,0.95,0
2026-07-17,6,5.5,125.5,0.9441,0
2026-07-17,6,4.5,125.5,0.9383,0
2026-07-17,6,51.5,159.5,0.9252,0
2026-07-17,6,14.5,-92.5,0.8852,1
2026-07-17,6,52.5,161.5,0.8598,0
2026-07-17,6,54.5,-162.5,0.8478,0
2026-07-17,6,52.5,160.5,0.8431,0
2026-07-17,6,5.5,126.5,0.8349,0
2026-07-17,7,40.5,142.5,0.9518,0
2026-07-17,7,14.5,-93.5,0.95,0
2026-07-17,7,5.5,125.5,0.9441,0
2026-07-17,7,4.5,125.5,0.9383,0
2026-07-17,7,51.5,159.5,0.9252,0
2026-07-17,7,14.5,-92.5,0.8852,1
2026-07-17,7,52.5,161.5,0.8598,0
2026-07-17,7,54.5,-162.5,0.8478,0
2026-07-17,7,52.5,160.5,0.8431,0
2026-07-17,7,5.5,126.5,0.8349,0
