mean_fit_time,std_fit_time,mean_score_time,std_score_time,param_estimator__max_depth,param_n_estimators,params,split0_test_score,split1_test_score,split2_test_score,split3_test_score,split4_test_score,mean_test_score,std_test_score,rank_test_score
73.07820329666137,52.570186385529624,1.350437831878662,0.31432329696458655,2,200,"{'estimator__max_depth': 2, 'n_estimators': 200}",0.8775358327069764,0.8957654460025957,0.8755590440605487,0.8730163626751418,0.8831948669914508,0.8810143104873427,0.008101576813429117,6
69.11738262176513,49.33340511032369,1.4944333553314209,0.3118534368062482,2,300,"{'estimator__max_depth': 2, 'n_estimators': 300}",0.8775358327069764,0.8957654460025957,0.8755590440605487,0.8730163626751418,0.8831948669914508,0.8810143104873427,0.008101576813429117,6
66.90004062652588,55.135492373101975,1.348101758956909,0.5938338962586621,2,400,"{'estimator__max_depth': 2, 'n_estimators': 400}",0.8775358327069764,0.8957654460025957,0.8755590440605487,0.8730163626751418,0.8831948669914508,0.8810143104873427,0.008101576813429117,6
68.37281093597412,53.70925006752395,1.2051873207092285,0.42746431826459463,2,500,"{'estimator__max_depth': 2, 'n_estimators': 500}",0.8775358327069764,0.8957654460025957,0.8755590440605487,0.8730163626751418,0.8831948669914508,0.8810143104873427,0.008101576813429117,6
63.49608974456787,46.198277833518894,1.17435884475708,0.4188334033487385,2,600,"{'estimator__max_depth': 2, 'n_estimators': 600}",0.8775358327069764,0.8957654460025957,0.8755590440605487,0.8730163626751418,0.8831948669914508,0.8810143104873427,0.008101576813429117,6
20295.03691062927,40045.04732273476,8.789657497406006,11.568474555703839,5,200,"{'estimator__max_depth': 5, 'n_estimators': 200}",0.8942280211682511,0.8997903274156199,0.9147140693434908,0.8774520643092159,0.8976738111637355,0.8967716586800625,0.011929569639341369,1
39512.27023396492,48230.21954392147,5.676997900009155,5.441480476343774,5,300,"{'estimator__max_depth': 5, 'n_estimators': 300}",0.8942280211682511,0.8997903274156199,0.9147140693434908,0.8774520643092159,0.8976738111637355,0.8967716586800625,0.011929569639341369,1
39646.203002357484,48405.59661038747,6.02300763130188,6.419998749735078,5,400,"{'estimator__max_depth': 5, 'n_estimators': 400}",0.8942280211682511,0.8997903274156199,0.9147140693434908,0.8774520643092159,0.8976738111637355,0.8967716586800625,0.011929569639341369,1
58728.789173412326,47899.260443423766,6.479276847839356,6.110165213440396,5,500,"{'estimator__max_depth': 5, 'n_estimators': 500}",0.8942280211682511,0.8997903274156199,0.9147140693434908,0.8774520643092159,0.8976738111637355,0.8967716586800625,0.011929569639341369,1
18610.700935268404,36543.67211249621,6.453690242767334,5.627552679289904,5,600,"{'estimator__max_depth': 5, 'n_estimators': 600}",0.8942280211682511,0.8997903274156199,0.9147140693434908,0.8774520643092159,0.8976738111637355,0.8967716586800625,0.011929569639341369,1
295.97977929115297,167.11096972456457,2.643824577331543,0.9816984993043387,7,200,"{'estimator__max_depth': 7, 'n_estimators': 200}",0.8664957271932013,0.8688865840827971,0.9073027959341566,0.8784472369501464,0.8770864505175833,0.8796437589355769,0.014571076613668302,11
299.9188708782196,199.97370002847214,2.60683126449585,0.8179065181116582,7,300,"{'estimator__max_depth': 7, 'n_estimators': 300}",0.8664957271932013,0.8688865840827971,0.9073027959341566,0.8784472369501464,0.8770864505175833,0.8796437589355769,0.014571076613668302,11
318.7101732730865,173.48904330444728,2.7628621578216555,0.6966502585282577,7,400,"{'estimator__max_depth': 7, 'n_estimators': 400}",0.8664957271932013,0.8688865840827971,0.9073027959341566,0.8784472369501464,0.8770864505175833,0.8796437589355769,0.014571076613668302,11
277.8245932102203,165.56169983565275,2.023116111755371,0.17037122859597298,7,500,"{'estimator__max_depth': 7, 'n_estimators': 500}",0.8664957271932013,0.8688865840827971,0.9073027959341566,0.8784472369501464,0.8770864505175833,0.8796437589355769,0.014571076613668302,11
253.10071783065797,132.29205264750107,1.748969554901123,0.45865454723787563,7,600,"{'estimator__max_depth': 7, 'n_estimators': 600}",0.8664957271932013,0.8688865840827971,0.9073027959341566,0.8784472369501464,0.8770864505175833,0.8796437589355769,0.014571076613668302,11
