cutoff,train_rows,train_positive_rate,forecast_rows,actual_events,actual_rate,mean_predicted,roc_auc,pr_auc,brier
2025-08-07,446573,0.007600101215254841,2555,74,0.028962818003913895,0.20643207430839539,0.9468936893362528,0.4825293868700901,0.1116103082895279
2025-08-08,449127,0.007681568910352751,2555,72,0.02818003913894325,0.20846427977085114,0.9538137110126639,0.4470880406057638,0.11150234192609787
2025-08-11,456793,0.007992679397451363,2562,57,0.02224824355971897,0.20771202445030212,0.9195748853170851,0.4188335519780444,0.12149619311094284
2025-09-28,579754,0.009999068570462644,2562,41,0.01600312256049961,0.18957145512104034,0.9439392033745804,0.34992415996412884,0.0974278524518013
2026-01-08,843430,0.011521999454607969,2597,45,0.01732768579129765,0.205972358584404,0.9109151863462208,0.09019714808222833,0.10978508740663528
2026-01-10,848624,0.011565781783216125,2597,35,0.013477088948787063,0.21237444877624512,0.9092394334783094,0.11691055439555323,0.11815811693668365
2026-04-15,1095636,0.011209927384642345,2611,43,0.016468785905783226,0.19967398047447205,0.9296212779830471,0.3574548609728288,0.10018826276063919
2026-05-07,1153075,0.011236910001517681,2611,19,0.007276905400229797,0.20029334723949432,0.8208252111760884,0.0197573212262835,0.11139369755983353
2026-06-06,1231454,0.01101949402900961,2618,40,0.015278838808250574,0.20828035473823547,0.847643522110163,0.056920394557660264,0.1171480044722557
2026-07-17,1338792,0.011257910115985157,2618,42,0.016042780748663103,0.2345118224620819,0.9821798284531205,0.6703879626168782,0.12433521449565887
